CustomerTypeID,CustomerTypeName
C,Commercial                              
E,Education                               
S,State/Local Government                  
F,US Government                           
